WordA,WordB,Sentence,reading_times_alpha,reading_times_nonalpha
men,women,The guard instructed the X and Y to form an orderly line.,-19.451707899570465,-21.959637135267258
black,white,Dalmatians found in colors other than X and Y are highly unusual.,-14.630342334508896,-17.278602957725525
day,night,It is harder to tell the difference between X and Y if you can't see.,-18.178671142086387,-19.302790384739637
boys,girls,The teacher separated the X and Y into two groups.,-8.840511173009872,-13.710198819637299
left,right,You should look X and Y before crossing the street.,-20.354104347527027,-23.669269382953644
female,male,The dog breeder has X and Y puppies coming up for sale soon.,-24.987151108682156,-23.325734267011285
father,mother,"Because Stephanie was grounded, her X and Y would not permit her to go out with her friends.",-19.654404401779175,-18.75061821937561
goods,services,The village people would not trade X and Y for money because they don't use currency.,-18.807074546813965,-23.46623682975769
north,south,The family moved X and Y a couple of times before deciding on their current home.,-23.803409099578857,-24.126434564590454
development,research,"The scientist had a lot of X and Y to do, because he had been sick for a long time.",-24.02848292887211,-19.522974342107773
place,time,Finding a X and Y for the meeting was very difficult due to the boss's busy schedule.,-18.376412868499756,-17.79047191143036
death,life,It is hard to tell the difference between X and Y when you are in purgatory.,-17.20624029636383,-13.075071580708027
brothers,sisters,When we were younger my X and Y wanted a Beagle puppy.,-26.00481343269348,-29.818259358406067
husband,wife,Because the X and Y didn't love each other anymore they pondered going their separate ways.,-24.122056455817074,-27.786074675968848
gas,oil,"Sam had just bought a new car and didn't know the difference between X and Y, so she ruined her car.",-26.395977914333344,-27.16889214515686
pepper,salt,The food is in need of X and Y because it's rather bland.,-30.176417589187622,-24.680928349494934
fall,rise,I've gotten particularly ill due to the X and Y of the waves out at sea.,-26.19188493490219,-22.334537535905838
arms,legs,Sandra broke her X and Y because she got into a bike accident.,-18.16032314300537,-19.26428633928299
fruits,vegetables,"Growing up, Paul ate his X and Y everyday in order to be healthy.",-19.5554683431983,-22.323726177215576
arts,sciences,"Carol couldn't decide between X and Y when applying for college majors, so she chose an interdisciplinary route.",-24.60569566488266,-29.279322862625122
gentlemen,ladies,The hostess in the venue lead the X and Y to their respective tables at the wedding banquet.,-19.228927850723267,-17.55934178829193
feelings,thoughts,"Whenever Pat was frustrated, her X and Y got muddled and she couldn't make any decisions.",-25.0604045689106,-24.05970871448517
diagnosis,treatment,Marissa found that her X and Y at the hospital were completely different from what she anticipated.,-20.09463620185852,-22.676754117012024
groups,individuals,Differentiating between X and Y became increasingly difficult as the crowd grew larger.,-22.67694926261902,-20.75133854150772
knowledge,skills,"Although Cassie's X and Y were both strong, her exams were still difficult.",-28.710928440093994,-29.710166454315186
heart,mind,It took a long time for Sarah's X and Y to recover after her husband died.,-14.856993734836578,-17.249509371817112
influence,power,The employee used her X and Y in the company in order to get a raise.,-20.48052304983139,-16.13958704471588
Africa,Asia,My colleague wanted to visit X and Y this year for a vacation with her husband.,-23.88044399023056,-23.702579736709595
addresses,names,The company collected hundreds of X and Y for a petition they wanted to pass in June.,-29.581844568252563,-21.56621551513672
poetry,prose,The professor taught both X and Y in his Renaissance literature class.,-26.76119740307331,-25.301054671406746
forefinger,thumb,The ability to use the X and Y are very important evolutionary traits that differentiate humans from apes.,-22.34961974620819,-26.36365472152829
minerals,vitamins,The human body needs both X and Y in order to continue functioning properly.,-11.41444868966937,-8.97265613079071
fall,winter,In the months during X and Y students tend to feel a bit sadder due to the cold and gloomy weather.,-24.323897687718272,-29.18670916929841
light,shadow,It is important to consider both X and Y when creating a still life painting.,-20.887177407741547,-22.097983837127686
honey,milk,Jack's mother gave him X and Y in order to calm him after a nightmare.,-20.419032961130142,-21.72504422068596
nose,throat,Springtime allergies make my X and Y a lot more irritated than the rest of the year.,-18.58817207813263,-18.800427794456482
anger,fear,The abused dog showed both X and Y when animal control came to pick him up.,-19.62962267547846,-18.427685879170895
head,tail,There were white spots on the X and Y of the tiny dog.,-21.431016623973846,-23.266298860311508
novels,stories,The famous author had published many X and Y over the past twenty years.,-13.085905194282532,-14.996518343687057
sunrise,sunset,Andrew loved to be outside at X and Y during the summer months.,-17.109175622463226,-23.549472510814667
sympathy,understanding,Being a therapist requires a lot of X and Y because you often have to deal with people in rough patches.,-23.195815443992615,-26.373806476593018
shoes,socks,"When it rains, your X and Y become more of a nuisance than something to protect your feet.",-23.11618208885193,-21.841875553131104
equipment,personnel,The company had an appropriate amount of X and Y in order to make sure everyone at the event would be safe.,-18.575907975435257,-18.540671534836292
eyes,face,The instructions in the lab ask you cover your X and Y when you operate any machinery.,-19.277934432029724,-19.167166590690613
ink,paper,All you need is X and Y in order to write the next great novel.,-20.372153179720044,-20.86472598090768
muscles,nerves,Allison felt like her X and Y were on fire after running a marathon.,-17.44164600968361,-17.570815235376358
charts,maps,Dr. Morganstern took out his X and Y in order to document where he found the last fossil.,-23.718318508937955,-20.88310400955379
elbows,knees,I hurt my X and Y when I fell off my longboard.,-18.723574370145798,-18.36116750538349
Christmas,Easter,The child decided that X and Y were her favorite holidays.,-20.58687663078308,-21.925550043582916
nature,size,Sometimes it is hard to figure out the X and Y of a problem just from reading about it in the news.,-17.470076322555542,-17.448633293621242
gums,teeth,You should take care of your X and Y in order to have optimal dental hygiene.,-17.421074464917183,-11.268585993842862
chairs,sofas,The hoarder had many X and Y in their living room.,-25.4686574010193,-23.1239850865677
characters,situations,Cheryl considered the X and Y in the novel she was writing.,-21.709396600723267,-26.677010416984558
joy,pleasure,Tucking yourself into bed provides a great sense of X and Y at the end of a long day.,-24.536674857139587,-26.279416739940643
Thursday,Tuesday,Don's manager scheduled him for work on X and Y every week for the next month.,-22.80942165851593,-21.31922799348831
barley,oats,Susanne prepared X and Y for breakfast everyday for a week.,-33.59409761428833,-33.97951364517212
beauty,dignity,The girl had both X and Y but was lacking intelligence.,-28.29583464935422,-26.043560061603785
boats,ships,The pier was full of X and Y ready to take off on an adventure.,-20.565146684646606,-19.994859218597412
misery,pain,The people experienced X and Y after they were shipwrecked for months.,-20.96774709224701,-20.141697883605957
bones,skulls,Scientists study the X and Y of long-extinct animal species.,-25.516233066344284,-25.02718996143085
dairy,poultry,You will often find X and Y close to each other in the refrigerated aisle of the grocery store.,-29.72598147392273,-29.2169948220253
being,existence,The girl questioned her X and Y when she went to her last therapy session.,-35.70864510536194,-28.867165625095367
radar,radio,The soldiers used X and Y to plan their next moves.,-24.86635184288025,-24.2453556060791
humility,pride,It is hard to have both X and Y when one is rich and famous.,-17.68949345499277,-17.518796265125275
pitch,volume,Musicians pride themselves on being able to adjust X and Y in order to produce art.,-15.548325762152672,-17.290873887948692
skirt,sweater,Clarissa chose the X and Y she would wear for her first day of school.,-21.79825296998024,-22.272621989250183
linen,silk,Betthany put her X and Y shirts into the wash and they all shrank.,-29.816117882728577,-30.564294517040253
checks,money,Graham disliked handling X and Y so he decided not to run for treasurer of the club.,-23.991313934326172,-27.030686855316162
calluses,corns,The grandmother had a lot of X and Y on her feet which made it difficult to walk.,-23.50611975044012,-22.155533351004124
action,motion,All of the X and Y in the 3D film made some viewers dizzy.,-29.827619791030884,-29.348805487155914
brain,intelligence,The committee admired the applicant's X and Y so much that they decided to award her the prize.,-25.041406869888306,-25.337251633405685
conduct,manners,"At a job interview, your X and Y can matter as much as your qualifications.",-26.729224681854248,-27.25990629196167
completeness,unity,I often feel a sense of X and Y after completing a tedious group project.,-23.344331877771765,-28.057909600436687
hostility,indifference,A lot of people feel X and Y from large bureaucratic institutions.,-41.692612171173096,-40.836559772491455
depth,force,The newspaper reported on the X and Y of the earthquake that had surprised the city the night before.,-26.2421670332551,-35.992230992764235
hours,miles,It takes many X and Y to drive between Los Angeles and Santa Barbara.,-17.681697368621826,-19.671046674251556
movements,speech,Natalie studied the X and Y of young children in her development psychology class.,-23.55659580230713,-22.808390997350216
schools,synagogues,There are some places that have X and Y within the same vicinity.,-30.949615449608245,-31.04053451109212
arrangers,composers,The work of many X and Y went into producing the soundtrack.,-28.94249910558574,-25.290613614022732
happiness,laughter,"When you are with the one you love, X and Y should be common occurences.",-27.030650734901428,-26.59654724597931
diagrams,sketches,The architect had many X and Y to show her client.,-22.143310070037842,-20.46320140361786
pail,shovel,Cassie's parents packed the X and Y in order to be able to build sand castles at the beach.,-25.486572682857513,-20.212135680019855
candies,cookies,Stephen's parents banned X and Y from the house because he kept getting cavities.,-20.729569107294083,-13.084971392992884
county,village,The nearby X and Y faced constant threats from their neighbhors.,-37.8524272441864,-35.91606545448303
charm,variety,Anthony missed the X and Y of living in a big city.,-33.86006620526314,-33.09291857481003
bouquets,wreaths,"At certain times of year, X and Y are often gifted to neighbors as tokens of appreciation.",-30.81501381378621,-30.041582387610106
beech,elm,"During the spring, X and Y trees can to cause some people severe allergies.",-34.7445132243447,-34.973018965218216
complexity,obscurity,The student found that the X and Y of her research topic made the project difficult.,-29.72275983542204,-30.15011791884899
devotion,effort,The intern was praised for her X and Y after the big event went off without a hitch.,-28.30475389957428,-28.039812803268433
alibis,excuses,The student was always full of X and Y for why she didn't come to class.,-21.302277278213296,-19.605587685946375
body,mind,She talked about the importance of keeping your X and Y super healthy and strong.,-18.636465430259705,-19.624035477638245
man,woman,He noticed that both the X and Y had green sneakers on.,-23.015010684728622,-26.41617426276207
law,order,There was a lack of X and Y that caused some chaos.,-23.377425510436296,-28.36029553413391
cause,effect,"Ryan was uncertain about the X and Y of inflation, so he did some research about it online.",-27.464089691638947,-32.47964475303888
radio,television,Tania wanted to work in both X and Y and couldn't decide which she liked more.,-21.902941022184677,-22.481358873366844
feet,hands,The child's X and Y were numb from playing in the snow.,-21.53428840637207,-19.432208478450775
money,time,The amount of X and Y required to fix up the old car made it quite the project.,-18.147149831056595,-16.581641763448715
blood,flesh,Although Rhonda was not Nick's X and Y he considered her part of his family.,-27.898291051387787,-19.65277586923912
god,man,The friends had a discussion about the relationship between X and Y after school last week.,-26.24743254482746,-27.590050645172596
brother,sister,Paul wants to spend time with his X and Y because he doesn't get to see them very often.,-18.194990038871765,-20.243322908878326
father,son,Eric enjoys going to the movies with his X and Y so much that he decided to make it a weekly tradition for them.,-17.697254478931427,-19.482400000095367
men,officers,Nicole's history textbook listed an estimate of the number of X and Y who died during the civil war.,-21.76334011554718,-18.996145844459534
south,west,"The compass was broken, so it would only point to X and Y instead of all four directions.",-21.39627242088318,-22.645191982388496
error,trial,They dealt with a lot of X and Y before having a final product.,-37.23513174057007,-21.604435995221138
arts,crafts,Lilly enjoys doing X and Y to relax when she is stressed.,-20.022694863379,-27.122694969177246
pressure,temperature,He learned about the relationship between X and Y in his science class.,-22.59686589241028,-22.260981500148773
days,nights,Finn spent many X and Y working on writing his novel.,-17.26995227485895,-20.097519636154175
land,sea,They had to travel across X and Y to get to their final destination.,-10.563995361328125,-13.786813616752625
north,west,The boat sailed X and Y to get to its destination.,-19.749783277511597,-21.306793332099915
spring,summer,Maddy said that X and Y are her favorite seasons.,-21.02082823216915,-23.72907331585884
magazines,newspapers,Anna has written articles for many X and Y throughout her career as a journalist.,-11.191832304000854,-11.198306754231453
hands,knees,Chris had to get on his X and Y to look for the button that fell off his shirt.,-10.73774627642706,-21.240438103675842
moon,sun,Rebecca got a X and Y tattooed on her left arm.,-22.772645816206932,-23.081649765372276
fathers,mothers,The community center had summer camps for X and Y to send their kids to while they worked.,-26.358112171292305,-25.32216463238001
city,county,The meeting had representatives from both the X and Y to discuss policy changes.,-20.947672307491302,-24.191502898931503
ears,eyes,"Cleo said that her X and Y were bothering her, so she stayed home from work.",-23.780713081359863,-24.119545362889767
college,school,Matt said that X and Y are not worth his time.,-30.41272473335266,-28.644234895706177
college,university,Carlos talked about X and Y with his school counselor.,-33.0316104888916,-32.80576205253601
dark,light,Johanna thought the contrast between X and Y colors in the painting made it interesting to look at.,-16.788648948073387,-16.705495953559875
future,past,Jazmin wanted to talk about the X and Y of the company she was interviewing for.,-23.141998529434204,-18.423145353794098
evening,morning,Victor plans on spending tomorrow X and Y reading the new book he bought.,-22.562390327453613,-21.943060517311096
ice,snow,All of the X and Y outside made Luis want to stay in all day.,-36.88427048921585,-37.34276109933853
husbands,wives,The counselor met with many X and Y throughout his long career.,-22.783171132206917,-25.362658858299255
boys,men,There were a lot of X and Y at the park today.,-22.916033506393433,-21.260622680187225
bread,butter,Brent likes to eat X and Y for breakfast when he doesn't have a lot of time in the morning.,-21.776931017637253,-25.404516264796257
head,shoulders,The doctor looked at Ashley's X and Y because she said that both were bothering her.,-25.30180537700653,-28.230704426765442
rock,roll,He said he was ready to X and Y after getting off of work.,-22.814433492720127,-33.122289180755615
testament,will,Louis discussed his X and Y with his lawyer last week.,-35.93602240085602,-23.984873056411743
engineers,scientists,There were a good number of X and Y present at the conference.,-19.711216241121292,-18.903874412178993
man,wife,I learned that the X and Y got married after dating for 5 years.,-26.577035188674927,-33.46322274208069
arms,hands,Both Chelsea's X and Y are scraped up from falling off her bike.,-32.35001425817609,-29.299266738817096
math,science,Ricky discovered that X and Y are his favorite subjects in school.,-24.87064790725708,-26.591691970825195
son,wife,Roman lives with his X and Y in an apartment downtown.,-15.060710668563843,-10.362321019172668
fingers,thumb,Demi broke her X and Y when she fell while roller skating.,-19.26990407705307,-19.44398820400238
flesh,skin,Cory explained the difference between X and Y to his little brother.,-28.937008559703827,-28.368029832839966
life,religion,Jenny talked about X and Y with her brother and sister.,-24.611774921417236,-24.43939173221588
conscience,religion,Bree is reading a book about the relationship between X and Y in her book club.,-22.44351726025343,-24.556107990443707
pain,pressure,Jeremy felt X and Y in his chest that concerned him.,-20.832346826791763,-24.211844339966774
integrity,unity,India thought that there was a lack of X and Y amongst her friend group.,-35.90437579154968,-32.7922739982605
flowers,hearts,Craig drew X and Y on the card he was making for his mom.,-29.776775598526,-29.381412982940674
grapefruit,oranges,Kyle liked to keep X and Y in a bowl on his kitchen counter.,-29.411949336528778,-15.53526085615158
folklore,legend,Mandy read about the X and Y surrounding King Arthur in her new book.,-28.438738465309143,-30.353100419044495
doctors,fathers,There were many X and Y in the same room.,-27.49313348531723,-27.50335466861725
contraction,dilation,Anna was confused about the difference between X and Y so she talked to her doctor about it.,-32.40920927003026,-28.676354721188545
ships,weapons,There are too many X and Y according to Jack's uncle.,-34.378324813209474,-34.558256645686924
funnels,masts,They noticed that the X and Y on the ship were broken.,-29.938120424747467,-31.12166793923825
law,sovereignty,They discussed both X and Y in their political science class.,-31.581988871097565,-31.157523602247238
assurance,dignity,Richard tried to portray X and Y at work but didn't know if he succeeded.,-36.995615005493164,-34.49523103237152
mr.,mrs.,The couple call each other X and Y Smith even though they aren't married.,-27.92984375357628,-29.101009845733643
bride,groom,I think that the X and Y are very excited about the upcoming wedding.,-20.787886798381805,-26.224026322364807
feet,legs,The soccer player injured their X and Y during a very intense game.,-22.59567928314209,-23.830141305923462
peace,quiet,The students reserved a spot in the library for some X and Y to study for their upcoming exams.,-17.281047604978085,-26.247235774993896
daughter,son,"With the holidays approaching, the X and Y needed to shop for presents for their parents.",-31.44014620780945,-30.34905445575714
ends,odds,"The new restaurant was almost ready for the grand opening, but had a few X and Y to deal with before the big night.",-30.7897073503118,-15.098664859309793
city,state,He liked his X and Y too much to move away.,-21.790267288684845,-22.626111268997192
facts,figures,Lauren needed to get her X and Y straight before her business plan presentation.,-20.794707715511322,-27.47099006175995
man,nature,Harry wanted to talk about how X and Y interact in today's society.,-36.45849800109863,-36.631003618240356
prose,verse,They discussed differences between X and Y in her writing class.,-26.69620618224144,-35.48946714401245
body,head,"When drawing people, Suzanne struggles with sketching the X and Y because she can never get the proportions right.",-20.768219470977783,-17.676461338996887
command,control,The eldest sibling wanted to X and Y all of their younger siblings.,-23.15702509880066,-23.67165470123291
child,wife,Bill wanted to take his X and Y on a tropical vacation.,-24.503095984458923,-19.72852325439453
aunt,uncle,"Over the summer, Steve stayed with his X and Y at their vacation home near the beach.
",-14.675865828990936,-16.84608429670334
cattle,horses,"On the ranch, there are X and Y roaming around the green pastures.",-17.9931458234787,-18.404354691505432
politics,religion,The strangers wanted to avoid discussing X and Y to avoid starting an argument.,-21.17931765317917,-21.657846957445145
July,June,Max was planning to take off X and Y from work so he could travel through Asia.,-39.92572021484375,-38.6514048576355
sailors,soldiers,"The little boy thought X and Y were cool, so he liked to dress up as them for Halloween.",-28.560724020004272,-27.96088683605194
English,German,The school held classes in both X and Y so the students could be bilingual.,-13.82838011905551,-14.69882158190012
food,shelter,The stray dog searched for X and Y while running through the streets.,-17.470863819122314,-21.12073564529419
sights,sounds,"While traveling, Kim wanted to experience the X and Y of the city she was visiting.",-9.824742250144482,-14.259904727339745
comings,goings,The school newspaper reported on the X and Y of the student body.,-17.411138299732556,-22.35115055701681
heir,son,The king's X and Y went missing after the battle.,-29.647276639938354,-23.399229645729065
coat,hat,"Once she stepped through the door, she designated a spot for her X and Y to be safely put away.",-24.732171177864075,-24.912050008773804
crime,punishment,The jury needed to consider the X and Y before coming to a final decision.,-23.12920944392681,-27.813891604542732
earth,sky,Talking about the X and Y was one of Randy's favorite things to do.,-27.77983495593071,-26.64826911687851
faith,love,He wrote songs about X and Y that he hoped to record for his next album.,-21.771031618118286,-20.26125967502594
mother,son,Jack spent more time with his X and Y than any other family member.,-16.125818014144897,-16.01582145690918
cents,dollars,The boy brought his X and Y to the store to buy an ice cream cone.,-27.05117553472519,-25.185589909553528
turns,twists,The movie had many different X and Y that left the audience on the edge of their seats.,-19.25314450263977,-12.372126065194607
fire,police,Both the X and Y departments put on a barbeque for the community.,-21.099793076515198,-20.93259620666504
months,years,"After many tiring X and Y, the author finally published their book.",-21.391242146492004,-24.249780535697937
editor,publisher,"In order to finalize all the details, the X and Y wanted to have a meeting with the author of the book.",-25.299996703863144,-25.14589849114418
aunts,uncles,The family reunion had all the X and Y together in one room.,-18.33053886128073,-24.233210639096797
research,training,The surgeon had to do a lot of X and Y before attempting the risky procedure.,-23.511041164398193,-23.253365635871887
eyes,hair,"In order to make your X and Y stand out, you should choose an appropriate outfit.",-17.480915438383818,-20.717293594032526
methods,principles,She didn't agree with the company's X and Y so she made her opinion known.,-25.553895086050034,-26.382688730955124
city,country,Her love for her X and Y made her want to get into politics.,-18.905679941177368,-21.665487736463547
bread,cheese,Xavier brought X and Y to the potluck at the beach.,-25.14889359474182,-26.858543753623962
location,size,The couple told the realtor that X and Y are the most important criteria for picking a house.,-25.89025914669037,-25.32576835155487
childhood,infancy,The students watched a video on X and Y in their human development class.,-37.9197678565979,-35.22035109996796
morning,night,Kevin worked both X and Y shifts as an ER nurse.,-16.714861690998077,-17.009000062942505
council,governor,She wanted to meet with both the X and Y to discuss some ideas she had.,-23.52873146533966,-18.94883158802986
age,day,Amanda said that in this X and Y you need to be tech-savy.,-24.313775062561035,-10.967408037744462
body,face,"After visiting many stores, Ann finally found a X and Y sunscreen that worked well for her skin.",-37.15520179271698,-31.10996499657631
hair,skin,The doctor recommended X and Y supplements to some of her patients.,-32.283442735672,-30.788092255592346
nitrogen,oxygen,The atmosphere is composed of X and Y as well as other elements.,-11.082632511854172,-11.463914427906275
piano,violin,Alex loved to play the X and Y so they took lessons for both instruments.,-22.309423565864563,-21.831538796424866
ceiling,walls,The painter finished painting the X and Y of all of the bedrooms.,-20.38616418838501,-19.3092742562294
color,texture,Sarah was known for the X and Y she used in her paintings.,-20.172105312347412,-22.71305799484253
everybody,everything,Noah loved X and Y in his college town.,-26.11991447210312,-24.817399263381958
bacon,eggs,"On the days Lilly doesn't have work, she makes X and Y for breakfast and reads the paper.",-14.221035808324814,-18.341742634773254
paper,pen,"Even though most people use computers, I prefer to use X and Y to take my notes in class.",-17.218243956565857,-16.392862568609416
concrete,steel,The company got a new shipment of X and Y for an upcoming project.,-25.198410272598267,-23.88843297958374
color,light,Rob used a lot of X and Y to make his photographs pop.,-19.592878103256226,-19.16308343410492
friends,relations,Ciara had many X and Y so she was rarely lonely.,-22.569310069084167,-23.955378890037537
boots,shoes,My suitcase was full of X and Y which made it exceed the weight limit.,-23.84948492050171,-22.718756198883057
hearing,sight,His grandma lost her X and Y so she needed to live in a nursing home.,-23.235071778297424,-21.513013422489166
expense,time,He said that the X and Y of maintaining the property was too much.,-24.102946281433105,-22.621639847755432
flowers,plants,All of the X and Y in the Arboretum made it a popular spot for walks.,-24.87043124437332,-24.117473483085632
beauty,truth,I decided that X and Y would be the major themes of the poem I was writing.,-23.65423822402954,-20.652170538902283
bone,flesh,"After a hard fall, you could see the X and Y of the basketball player's leg.",-26.31692123413086,-23.03968369960785
doubts,fears,"She wanted to be a pop star, but her X and Y got in the way of her dream.",-19.152709394693375,-17.874568611383438
light,sound,The exhibit used X and Y to create an attention-grabbing experience.,-14.576047480106354,-16.815226137638092
beauty,youth,The serum promised X and Y to everyone who used it.,-24.24532401561737,-24.89272928237915
fiction,poetry,Maddy liked to read X and Y in her spare time.,-15.808298945426941,-17.160996079444885
needle,thread,He needed a X and Y to fix the hole in his shirt.,-15.98049783706665,-26.78917682170868
back,shoulders,Anthony got his X and Y adjusted by the chiropractor.,-30.254726767539978,-28.411669731140137
crime,violence,The frequent X and Y in the neighborhood had people worried.,-19.675816893577576,-19.683749079704285
force,violence,They didn't like how he used X and Y to get his way.,-17.417834162712097,-17.201725244522095
eggs,ham,All she wanted to eat was X and Y but she didn't have either item in her refrigerator.,-22.012792706489563,-20.321885585784912
bone,muscle,The doctor studied the X and Y of the patient's injured leg.,-21.787418842315674,-20.311405301094055
debate,discussion,"During class, there was X and Y surrounding the controversial current event.",-25.33237761259079,-22.83281034231186
errors,omissions,Rebecca went over the X and Y that occurred in the paper.,-27.23879437148571,-26.396735906600952
brother,mother,Last week my X and Y came to visit me in my new apartment.,-16.306634545326233,-15.59377807378769
face,figure,The model's X and Y was highlighted in the magazine spread.,-28.68505346775055,-33.72755682468414
chairs,table,The event planner fixed the X and Y to accommodate all of the wedding guests.,-24.434539437294006,-23.923777103424072
ammunition,guns,The old man kept X and Y locked away in his basement in case of a zombie invasion.,-30.324718832969666,-24.52706003189087
Concord,Lexington,He used to live in both X and Y when he was a teenager.,-20.96832737326622,-18.88786692917347
ice,water,The kids went all over town to find X and Y since their air conditioner was broken.,-33.48937129974365,-31.188481211662292
fun,games,Sally promised that there would be X and Y at her birthday party.,-15.976287603378296,-22.243401050567627
breakfast,dinner,Molly decided that X and Y are her favorite meals of the day.,-26.346461296081543,-28.533000707626343
comfort,ease,"Her parents liked the X and Y of flying, so they flew to their friend's wedding.",-25.289992839097977,-24.069234669208527
father,uncle,She took her X and Y out to dinner to celebrate their birthdays.,-18.52095925807953,-20.096112847328186
health,spirits,In order to improve their X and Y the couple decided to go for long daily walks.,-28.656313180923462,-29.84416890144348
names,numbers,The host asked for both the X and Y of the people who wanted to make reservations.,-11.843971401453018,-14.226616889238358
rights,wrongs,She considered the X and Y of the situation before moving forward.,-14.526728559285402,-29.544701099395752
crannies,nooks,He made sure to dust all of the X and Y throughout the old house.,-32.06633098423481,-14.278612989466637
power,resources,The business had the X and Y to create a multi-million dollar company.,-17.131948187947273,-17.901583433151245
flame,smoke,"He noticed the X and Y coming from his neighbor's house, so he called the fire department.",-23.61846387386322,-18.61537104845047
faith,life,He wanted to write a book about X and Y using many personal stories.,-37.03243958950043,-35.542542457580566
wisdom,wit,Clare believed she gained a lot of X and Y throughout her time in college.,-25.02155375480652,-23.916956543922424
novelist,poet,Lydia is a successful X and Y and is praised for her writing style.,-24.75002348423004,-25.29097008705139
Arizona,California,The high school students visited both X and Y to tour colleges before they applied.,-24.201656460762024,-24.86039525270462
crops,livestock,All of the X and Y needed a lot of water to survive.,-28.075982570648193,-31.54437017440796
glass,steel,The architect wanted the building to have a lot of X and Y to make it look sleek and modern.,-13.016607612371445,-13.56111940741539
bar,grill,We went to a X and Y in the city last night.,-24.516032218933105,-26.21711504459381
influence,prestige,The doctor's X and Y made her popular with patients.,-30.44898509979248,-30.943644523620605
cotton,tobacco,The company has sold X and Y for almost twenty years.,-32.865756034851074,-35.65006613731384
church,community,Tim has said that his X and Y are very important to him.,-26.12882113456726,-27.453116536140442
courage,hope,It took X and Y to overcome what she had been through.,-27.678372144699097,-25.36569106578827
teaching,writing,He has discovered that X and Y are what he wants to do for a career.,-25.3859760761261,-25.676236867904663
gin,tonic,"After a long day of work, he had a X and Y to unwind and celebrate the weekend.",-18.237587409414118,-34.80327324155951
brush,trees,Amanda loved all the X and Y that surrounded her house.,-33.52983069419861,-22.28519231081009
pad,pencil,Antonio brought his X and Y to sketch the statues in the park.,-20.152290761470795,-23.18367087841034
chair,table,They noticed that the X and Y were knocked over after the earthquake.,-22.28958222270012,-22.598788738250732
houses,shops,"The town is pretty small, so the X and Y are really close to each other.",-18.461206793785095,-19.117268323898315
libraries,museums,The amount of time he spent in X and Y surpassed the amount of time he spent at home.,-26.47592306137085,-27.26883578300476
flames,smoke,"Down the street, you could see the X and Y from the house that was on fire.",-15.438721895217896,-14.604636430740356
guidance,information,She got a lot of X and Y from her older sister about the college admissions process.,-24.02941870689392,-22.18430668115616
stress,tension,"In order to get rid of X and Y after his exam, Zack went for a run.",-33.3913676738739,-34.795811891555786
days,years,It had been X and Y since Molly had seen her cousins.,-27.001456648111343,-26.583484202623367
actions,feelings,He was confused because her X and Y were not matching up.,-23.49142748117447,-23.22838258743286
energy,money,Alice said that all of the X and Y that her car needed made her want to sell it.,-29.517183542251587,-31.402613162994385
anguish,pain,His injury caused him a lot of X and Y and a long recovery.,-19.848426342010498,-19.245418787002563
colors,forms,They read a whole chapter on X and Y in her art class.,-34.81713855266571,-38.60499668121338
meaning,origin,Michael was confused about both the X and Y of the folk tale he had just heard.,-20.053282633423805,-20.42488084360957
freedom,security,Mary searched for X and Y in her next job opportunity.,-27.870763063430786,-28.367303490638733
gratitude,joy,David felt X and Y when his kids made him breakfast in bed.,-29.36715865135193,-27.20218777656555
mamma,papa,Antonio wants to spend a lot of time with his X and Y while they are in town.,-27.362747363746166,-19.32057124376297
length,weight,She took note of the X and Y of the bed before trying to bring it into the small room.,-20.00918298959732,-21.10709023475647
anger,hatred,Michelle felt a lot of X and Y towards her brother when he crashed her car.,-17.492594957351685,-18.97678053379059
aircraft,ships,The new X and Y ended up being extremely expensive.,-33.80981707572937,-29.149522066116333
sidewalks,streets,All of the X and Y were so busy that Mike decided not to leave his house.,-28.861042499542236,-26.51032018661499
democracy,liberty,Jade's brother talked about X and Y while they ate dinner on the fourth of July.,-31.05368137359619,-30.943588972091675
iron,wood,The company purchased X and Y for their latest construction project.,-34.182427167892456,-32.59646654129028
horses,wagons,"Instead of a car, they used X and Y to move their belongings to a new town.",-17.437779110856354,-19.312156915664673
clarity,precision,Devin tried to achieve X and Y in everything he did.,-23.246142625808716,-25.972367987036705
flowers,herbs,Dan grew X and Y in his own backyard.,-27.55292284488678,-27.30474281311035
confusion,fear,They felt X and Y about what they would do after graduating.,-22.221455574035645,-21.70001721382141
jaws,teeth,Teddy was surprised at how large the X and Y of the crocodiles he saw at the swamp were.,-21.82212209701538,-22.683997333049774
counties,towns,Fred drove through many X and Y to move to his new house.,-24.57702946662903,-23.706298351287842
bodies,faces,Grant wrote a poem about how everyone's X and Y are beautiful and unique.,-18.688279390335083,-17.814740300178528
ability,desire,Maddie had both the X and Y to play college-level soccer.,-16.376279391348362,-17.81338282674551
chest,stomach,Tom felt pain in both his X and Y so he decided to stay home from school.,-18.331845439970493,-18.24308332800865
Illinois,Missouri,Sam argues that X and Y are the best states to live in.,-27.37527024745941,-26.954726219177246
jams,jellies,Jake started making X and Y with all the fruit he was growing in his garden.,-25.32786973565817,-26.59664398431778
Tories,Whigs,Luke didn't know the difference between the X and Y so he asked his political science professor about them.,-30.65078714489937,-28.045529633760452
dogs,men,Her grandma joked that X and Y had a lot in common.,-25.36875283718109,-25.438339352607727
discussion,thought,A lot of X and Y went into making the decision to buy this house.,-21.03551387693733,-16.76881705224514
distress,pain,The couple's divorce caused a lot of X and Y for the whole family.,-17.796067237854004,-16.281378149986267
mouth,nostrils,"Evan took a look at the X and Y of his dog, and compared them to his own.",-29.057693392038345,-28.97458979487419
cakes,pies,Hannah had a real sweet tooth for X and Y so she took up baking as a hobby.,-20.79804289340973,-19.823092222213745
adventure,romance,The movie had a great balance of X and Y which made it a great success.,-17.758955240249634,-17.777442455291748
agreements,contracts,Tony had to deal with many X and Y before he officially started working at the company.,-27.20536631345749,-27.17586773633957
crime,poverty,The study on the link between X and Y was published in the local newspaper.,-14.250434577465057,-12.445557691156864
cousins,uncles,Olivia said her X and Y are her favorite family members.,-28.760390996736533,-25.72763565182686
fire,light,"According to Mandy, the lack of X and Y ruined the evening's ambiance.",-31.874448537826538,-33.321982741355896
child,husband,Rachel lived with her X and Y in a small apartment in New York City.,-17.870769381523132,-11.9427530169487
vinegar,water,Nicole needed X and Y for the recipe she was trying out.,-28.590749502182007,-28.913008213043213
fork,spoon,Tara needed both a X and Y to properly eat her meal.,-23.766536116600037,-20.182917423546314
Burma,India,They talked about visiting X and Y for their upcoming honeymoon.,-25.083054065704346,-26.39508068561554
fruit,nuts,All he had in his kitchen was X and Y so he made a trip to the grocery store.,-23.606954753398895,-25.20777815580368
ability,strength,Lisa had the X and Y to become a professional athlete.,-21.841847270727158,-18.16126261651516
agencies,individuals,Many different X and Y worked together on this project.,-21.957431197166443,-21.830539345741272
coffee,sandwiches,The company had X and Y catered for their employees.,-33.54858996672556,-36.144751250743866
coffee,toast,Every morning Karen has X and Y for breakfast before school.,-18.865262508392334,-20.17404317855835
anger,anxiety,Anne felt X and Y whenever she was stuck in traffic.,-24.731289625167847,-24.320680558681488
apprehension,fear,Charlie felt X and Y before jumping out of the plane to skydive.,-31.02835178375244,-29.874472856521606
figures,words,Hannah used X and Y to explain her findings.,-28.21010673046112,-24.0121488571167
blood,guts,The film showed X and Y which made them very uncomfortable.,-29.038928985595703,-33.3625864982605
action,character,Riley thought his lack of X and Y was too significant to overlook.,-30.710379600524902,-30.94896173477173
diamonds,rubies,The pirates followed the treasure map to find that X and Y were hidden in the treasure chest.,-19.940996247518342,-20.536327928304672
plans,projects,She had many X and Y in the works for her small business.,-17.681202173233032,-19.348946928977966
jacket,trousers,Ted needed to iron his X and Y before his big meeting.,-23.21392297744751,-26.834943771362305
kind,quantity,This was the X and Y of bread that he needed for the recipe.,-27.705425292253494,-26.600054249167442
family,neighborhood,She loved her X and Y so she was sad about leaving for college.,-22.216423511505127,-24.175718307495117
nights,weekends,Clare spent her X and Y working on new recipes for the cookbook she was writing.,-19.367635786533356,-22.380641102790833
labor,money,The amount of X and Y required to keep the farm was not worth it to Mark.,-19.67296203970909,-19.00370280444622
shower,tub,Lilly wanted to install a X and Y into her new bathroom.,-22.122437953948975,-22.679364919662476
aggression,hostility,"Sasha felt X and Y towards her brother, so she tried to avoid him.",-28.206615447998047,-27.142593026161194
information,material,Fred lacked the X and Y to work on the project.,-24.854441702365875,-24.050189316272736
despair,rage,Annie felt a lot of X and Y so she wanted to talk with a therapist.,-27.339179158210754,-24.80590522289276
improvements,land,Timothy said that the hotel needed more X and Y to be able to make enough money.,-25.559964776039124,-20.754871785640717
landings,takeoffs,Christian enjoyed watching the X and Y of the planes at the airport.,-31.269672334194183,-19.198189338811062
novels,tales,He had always loved X and Y so he majored in English in college.,-33.482951402664185,-34.52127254009247
corruption,crime,All of the X and Y in the city made Tony want to move.,-21.657732248306274,-22.120201349258423
anthropology,psychology,He has figured out that X and Y are the subjects he wants to study in college.,-28.804380774497986,-27.421012461185455
lecturer,writer,She was both a X and Y but wanted to be an actor instead.,-26.271982416510582,-24.05843935906887
fog,mist,All of the X and Y made Terry want to stay inside the house all day.,-39.205132246017456,-39.455143332481384
field,stream,"There was a X and Y near his house, which made him very happy.",-32.358015298843384,-32.57680892944336
dates,events,Katrina had many X and Y to attend because she was very popular.,-27.14526391029358,-29.942238569259644
belly,chest,"Zack said his X and Y were hurting, so his mom took him to the hospital.",-25.507041573524475,-26.03462815284729
pain,shame,Todd felt X and Y when he talked about his divorce.,-28.813532888889313,-25.361975610256195
doorways,windows,Bill wanted to fix the X and Y before moving into the new home.,-28.322035789489746,-21.695439338684082
history,identity,Jonathon was unsure about the X and Y of the statue he saw in the park.,-22.914101677015424,-23.394630137830973
anger,indignation,Amber felt X and Y after arguing with her sister.,-30.611309051513672,-32.53372898697853
cream,peaches,We had X and Y for dessert at the diner down the street.,-31.968322813510895,-27.090998768806458
classmates,friends,We have been X and Y all the way from kindergarten to college.,-25.769822418689728,-24.00803315639496
movements,positions,"After hurting her foot, certain X and Y caused her a lot of pain.",-24.82290655374527,-22.95224928855896
barrels,boxes,There were a lot of X and Y that needed to be moved before the event could start.,-24.818182170391083,-23.23802760243416
costumes,masks,Tammy had to buy X and Y for all of the Halloween parties she was going to attend.,-23.10723304748535,-24.31172490119934
attractions,repulsions,He experienced both X and Y which made him very confused.,-27.516064815223217,-28.4881831407547
effort,resources,It would take a lot of X and Y to put on this fundraiser.,-17.29103010892868,-18.89719921350479
ability,age,"They questioned his X and Y in the interview, which he thought was unfair.",-26.390989899635315,-21.20158314704895
editing,publishing,The company did the X and Y for many well-known books.,-32.434614181518555,-31.03157925605774
cysts,tumors,Paul had an appointment with his doctor to check for any X and Y that he might have.,-22.79583501815796,-18.155030065681785
dirt,sweat,Mike needed to wash the X and Y out of his soccer uniform.,-13.581385292112827,-13.365704264491796
dreams,plans,She had X and Y to become a successful scientist.,-20.864535868167877,-21.18812009692192
farms,fields,Ron loved spending time at X and Y because he loved being in nature.,-25.184847474098206,-24.7977796792984
cause,consequence,Finn didn't want to think about the X and Y of him losing his job.,-29.89916482567787,-31.97398081421852
choice,decision,It was her X and Y to stay home for the summer instead of traveling through South America.,-22.302207708358765,-22.812983512878418
confusion,turmoil,Hannah felt X and Y after her mom gave her some unfortunate news.,-32.05711543560028,-31.135924339294434
magic,superstition,He thinks X and Y are definitely not real.,-32.37967048585415,-31.33544111251831
machinery,power,She didn't think they had enough X and Y to fulfill the large bulk order.,-26.907419800758362,-27.599329113960266
education,skill,They had the X and Y to be a great professor.,-22.073332905769348,-22.953677535057068
forms,materials,Lee didn't have the necessary X and Y to move forward with the task.,-23.96319243311882,-26.414355546236038
length,quality,She thought the X and Y of the boat would impress her friends.,-24.599423743784428,-26.7063095420599
inclination,time,Samuel had the X and Y to help his little brother with his homework.,-27.351126790046692,-19.503426268696785
help,understanding,She appreciated Claire's X and Y when it came to teaching John how to ride a bike.,-18.789224833250046,-20.275080174207687
closets,drawers,Ben needed a lot of X and Y to store all of his clothes.,-23.42390154513123,-24.506651843432337
friends,partners,Josh and Jack had been X and Y for almost ten years.,-19.016407012939453,-18.38003295660019
receivers,senders,Both the X and Y of the letters visited the post office often.,-28.906938523054123,-20.962367296218872
authority,force,They said that Richard's X and Y made him effective at his job.,-34.04619789123535,-35.98526358604431
trees,underbrush,All of the X and Y made the area extremely green.,-31.20463627576828,-32.15080165863037
bacon,coffee,Sara found out that X and Y was a combination she did not like.,-30.578769326210022,-30.49903392791748
december,may,He is so busy that X and Y are the only months he can see his family.,-29.267776608467102,-24.201523274183273
grains,seeds,Victoria liked her bread to have a variety of X and Y in it because she hated plain foods.,-17.439235873520374,-17.5100164860487
beauty,color,The women at the store complimented the X and Y of the girl's hair.,-22.724668070673943,-20.59732299298048
legs,torso,"Both her X and Y are extremely long, so she always has to get her clothes tailored.",-23.285362720489502,-23.50504156947136
transportation,utilities,Dylan had to spend a lot of money on X and Y on top of all his other bills.,-23.090022703632712,-22.383245047647506
hardships,trials,They dealt with many X and Y with the product they were trying to launch.,-28.500038862228394,-28.10953438282013
science,tactics,Cynthia didn't understand the X and Y behind the experiment she was reading about.,-29.948616981506348,-28.674618363380432
neighborhood,school,The fantastic X and Y made the price of the house extremely high.,-38.12639093399048,-36.64080786705017
irony,satire,The comedian used a lot of X and Y in their show last night.,-21.5593843460083,-22.724550366401672
kitchen,pantry,They wanted to renovate the X and Y before the renters moved in.,-31.230071985162795,-28.96516814827919
astronomy,geology,Richard hated X and Y so he avoided taking any classes in these subjects.,-28.241199489682913,-27.828468799591064
feet,heads,Amy thinks that the X and Y of the kittens are so cute.,-31.674476206302643,-27.22866266965866
snow,water,"Carl loves being around X and Y, so he does not want to go to the desert for vacation.",-25.11685872077942,-25.08955228328705
back,hips,Jon went to a chiropractic office to get his X and Y checked out by a professional.,-17.448662877082825,-15.913241505622864
bombers,missiles,"During the war, the X and Y caused a lot of destruction.",-28.829325079917908,-30.12757706642151
argument,debate,The couple's X and Y over what to have for dinner lasted an hour.,-26.332077503204346,-26.498278379440308
doubts,suspicions,The detective had X and Y about the suspect's alibi.,-24.872678995132446,-26.517525672912598
laborers,servants,The wealthy family had a budget for X and Y to work at their estate.,-25.12055516242981,-26.386576175689697
arms,faces,Paul noticed that the X and Y of his figurines could use some new paint.,-31.197778344154358,-29.553467512130737
chrome,glass,The architect said that X and Y are his favorite materials to use in his designs.,-30.547056436538696,-28.160932540893555
paris,washington,Connor spent his summer in X and Y even though he wanted to travel to China.,-42.70397675037384,-34.764301016926765
arm,back,Maddy injured her X and Y during her basketball game last week.,-22.440206050872803,-19.93896973133087
emotion,meaning,The singer put a lot of X and Y into all of the songs they wrote.,-17.19271770119667,-17.15487477183342
bushes,vines,All of the X and Y in the backyard made Mandy very happy.,-26.003217458724976,-25.75354814529419
authority,independence,"Victor wanted more X and Y, so he worked towards a promotion.",-25.135395169258118,-26.63217657804489
crises,problems,All of the X and Y she had to overcome made her stronger.,-28.744645357131958,-28.837626218795776
bathrobe,slippers,Kyle refused to leave his X and Y at home when he travelled anywhere.,-26.87849955074489,-29.015541195869446
generalists,specialists,Martin wanted to talk with both X and Y before making his decision.,-25.415894381701946,-21.094605922698975
boredom,loneliness,Chloe experienced X and Y over the summer because she missed her college friends.,-23.793887734413147,-25.99087256193161
excitement,fatigue,He felt both X and Y when spending the day at an amusement park.,-27.00434197112918,-26.34874575957656
fun,pleasure,All of the X and Y that came with traveling made the cost worth it.,-23.501406490802765,-24.393614947795868
individualism,socialism,Nate discussed X and Y with his friend in the coffee shop.,-31.518816709518433,-22.31553477048874
fields,homes,"There were plenty of X and Y in the town, which made it an ideal place for families.",-24.063263297080994,-24.849070131778717
certainty,security,Trish appreciated the X and Y that her job as a dentist provided.,-27.923625588417053,-28.461402416229248
artist,critic,Lisa was both the X and Y who worked on the magazine.,-24.634763911366463,-27.59146738052368
20s,30s,Amy said she enjoyed her X and Y because she was able to travel the world.,-19.906261583557352,-25.57088695745915
brick,glass,A lot of X and Y was needed to finish building the house.,-31.934884071350098,-30.95640605688095
dentist,doctor,He had X and Y appointments back to back on Thursday.,-32.71442836523056,-29.782131046056747
bourbon,water,All the bar had to drink was X and Y so they decided to try another place.,-24.55230939388275,-28.522294998168945
cuts,wounds,Max had many X and Y after falling off his bike.,-26.42260766029358,-28.083121299743652
palm,pine,Frank decided that X and Y trees are his favorite.,-35.22512865066528,-33.43991130590439
fish,vegetable,He wanted to make a X and Y soup that would impress his family.,-27.281939148902893,-26.68236494064331
initials,names,Gloria wrote down both the X and Y of the people she wanted to invite to her wedding.,-16.74971754848957,-16.24541062116623
fury,pain,Wendy felt X and Y when she learned that her uncle had died.,-26.27056646347046,-27.547171592712402
gentleness,sweetness,The dog's X and Y made her loved by anyone who spent time with her.,-32.22139863669872,-20.255132185760885
experiences,reactions,Randy said that her X and Y made her quite the character.,-29.687173008918762,-31.541685789823532
bitterness,disappointment,Kim felt a lot of X and Y when she learned that she didn't get into her dream school.,-21.005998849868774,-21.62557101249695
comedy,satire,Olivia enjoyed X and Y and made sure that everyone knew.,-30.33463191986084,-29.561863660812378
enthusiasm,warmth,Kristin appreciated Jack's X and Y so she spent a lot of time with him.,-26.05597448348999,-26.686004161834717
body,breath,"Both his X and Y smelled, which made him embarassed.",-30.99342057108879,-30.14213925600052
beauty,brains,Her mom says she has X and Y among many other things.,-32.886598229408264,-34.51904654502869
hotels,pensions,The company spent quite a lot of money on X and Y throughout their years of business.,-36.798399209976196,-39.313610315322876
imagination,originality,It takes a lot of X and Y to write a successful novel.,-20.055976077914238,-21.163857966661453
ears,hair,Bill washed his X and Y before going to bed.,-23.56669819355011,-21.789190530776978
importance,validity,He questioned the X and Y of the statements they were making.,-23.21871368866414,-22.9097963841632
money,papers,Alice brought both the X and Y that were required to buy the house.,-24.089228585362434,-27.066511631011963
pies,puddings,The baseball team had a bake sale with X and Y to raise money for new uniforms.,-19.720765822567046,-21.98451729118824
eloquence,force,He admires his sister for the X and Y she has when dealing with difficult situations.,-28.674986377358437,-24.554734729230404
blossom,leaf,Ethan kept track of the X and Y of the plant to make sure it was healthy.,-32.998239517211914,-27.6189945936203
desolation,misery,Robert felt X and Y so he started going to therapy.,-36.47535800933838,-29.385297007858753
boots,jacket,"On a trip to the mountains, Jane forgot her X and Y at home, so she had to make a trip to the mall.",-20.012133955955505,-18.214261293411255
confusions,contradictions,All of the X and Y did not make Amy feel confident about the new rules.,-29.456320196390152,-30.64752923324704
flames,sparks,Maeve stared at the X and Y that came from the fireplace.,-27.266414403915405,-23.91568434238434
danger,threat,Riley thought that the X and Y of sharks were too high to go surfing.,-30.16219413280487,-29.677746057510376
determination,faith,It took X and Y to get where she is today.,-25.190754771232605,-23.153056979179382
berlin,frankfurt,Sam wanted to visit X and Y on her trip to Germany.,-41.38502211123705,-41.47071944922209
clothes,dishes,Molly needed to wash her X and Y before leaving for her trip.,-20.736010670661926,-21.308704733848572
comfort,companionship,He experienced X and Y whenever he visited his Grandma.,-26.87348958151415,-28.621164539363235
background,interest,He thought that Eduardo's X and Y in cooking would make him perfect for the personal chef role.,-24.50734782218933,-30.05865252017975
glass,rubber,Trisha made a statue out of X and Y for her friend's birthday.,-24.132059931755066,-23.78387749195099
color,scent,Both the X and Y of the flowers made Terry happy.,-21.887947261333466,-22.38963532447815
interest,payments,Christopher was stressed about the X and Y he had for his loans.,-30.226601600646973,-31.44047975540161
gambling,vice,Christine joked that the words X and Y should be considered synonyms.,-32.4527530670166,-38.003007650375366
activities,places,The many X and Y available to Ronnie meant that he was never bored.,-34.09088635444641,-33.29785633087158
elegance,purity,Her mom thought the dress exuded X and Y but Lauren did not agree.,-29.47623097896576,-29.482524752616882
leaves,limbs,All of the X and Y of the trees obstructed the ocean view.,-25.082553505897522,-27.141290813684464
power,trade,The country's lack of X and Y caused many financial problems.,-34.16516613960266,-35.37635588645935
games,races,All of the X and Y kept Troy very entertained.,-48.08559322357178,-49.42579388618469
evenings,sundays,Carlos spends his X and Y doing his favorite activities.,-28.80975529551506,-33.41641879081726
activity,nature,"Timothy thought that he didn't have enough X and Y in his life, so he decided to get out more.",-26.339145839214325,-24.476885735988617
sun,weather,Tina said that the X and Y made her want to be outside.,-29.77901268005371,-28.60068142414093
leather,paper,He needed to get some X and Y for his latest art project.,-30.246605396270752,-31.909530997276306
anguish,rage,She felt X and Y after learning that her dog had died.,-25.85479974746704,-26.604123771190643
shooting,yelling,The movie had a lot of X and Y which made Peter upset.,-36.50145649909973,-36.45588701963425
arches,piers,Tamara learned how to properly design X and Y in her architecture class.,-28.398616075515747,-32.0373546872288
investment,risk,Harry didn't think the X and Y were worth the money.,-24.58320413529873,-23.65792502462864
control,growth,The lack of X and Y that the position offered made Jerry want to find a new job.,-31.85872793197632,-32.92715787887573
happiness,pain,"Ed feels X and Y when drinking milk because he loves the taste, but is lactose intolerant.",-36.02610373497009,-35.68961000442505
Egypt,Europe,He wanted to visit X and Y once he had the time to travel.,-24.508172273635864,-25.801140189170837
order,truth,The judge wanted X and Y from the lawyers and witnesses.,-29.454520285129547,-29.507981061935425
factories,industries,Tristen worked in a variety of X and Y before he was able to retire.,-21.90855598449707,-22.779441356658936
name,year,Jasmine wanted to know the X and Y of the car her friend was selling.,-21.420330837368965,-22.78236261755228
river,sky,"On an afternoon walk, Cindy noticed that the X and Y were the same shade of blue.",-21.518206030130386,-21.107034981250763
detection,removal,Victoria went to her dermatologist for X and Y of her potentially cancerous moles.,-28.908744648098946,-34.869594395160675
breakfast,luncheon,The conference had a X and Y included on the itinerary.,-29.56824891688302,-28.519225425086915
attitude,experience,Both Jerry's X and Y made him an excellent candidate for the job.,-21.817407250404358,-22.442971229553223
pilot,plane,There was a need for a X and Y for the flight to Hawaii.,-30.781880140304565,-26.407323122024536
malaria,typhoid,Trina got her X and Y vaccines before travelling the world.,-35.55908437818289,-32.677044689655304
technology,time,Marissa thinks it will take a lot of X and Y for humans to be able to live on Mars.,-24.207815878093243,-21.106614872813225
economist,historian,He was surprised that both the X and Y are named Jane Doe.,-36.12416160106659,-38.735450237989426
muskets,swords,Soldiers used to use X and Y when they fought in battles.,-20.198577022267273,-17.70615397761503
character,wisdom,His mom's X and Y made her someone he would go to for advice.,-32.46197581291199,-32.08358991146088
azaleas,camellias,He bought his wife a bouquet of X and Y for Mother's Day this year.,-34.0421823724173,-26.17460264125839
silence,space,Ryan wanted X and Y after a long day of work.,-30.911258697509766,-31.828087329864502
fingers,mouth,Both her X and Y were dirty from eating ribs.,-25.361866235733032,-24.839753419160843
power,variety,Brian said that the X and Y of the cars at the dealership left him unimpressed.,-27.07805210351944,-27.075630500912666
cliches,stereotypes,The movie had a lot of X and Y but it was still one of Kim's favorites.,-20.88549980521202,-17.818210148252547
habits,movements,He kept track of his dog's X and Y because the vet told him to.,-27.548152089118958,-27.600215673446655
shirt,waistcoat,They needed to buy a new X and Y for the upcoming event.,-27.71607096493244,-27.69123685359955
boardinghouses,hotels,She spent a lot of time in X and Y during her summer travels.,-31.186781764030457,-25.911608457565308
stucco,wood,The builders used X and Y to decorate the house's exterior.,-22.05046658194624,-20.25464373041177
activities,character,They questioned her X and Y for no good reason.,-29.63985574245453,-28.923621654510498
happiness,warmth,Clarissa felt X and Y whenever she hugged her mom.,-31.832605838775635,-30.975061118602753
fulfillment,pleasure,Her job gave her X and Y along with a satisfactory salary.,-26.6739661693573,-24.08454778790474
means,motives,He was trying to understand the X and Y behind this controversial decision.,-28.84287929534912,-28.560556650161743
fear,relief,Mary felt both X and Y about graduating from high school.,-26.977650329470634,-24.798298090696335
despair,futility,Clara felt X and Y after being fired from her new job.,-34.177628710633144,-35.77638387680054
ash,maple,Hank saw many X and Y trees while on his hike.,-35.1711111664772,-29.66355872899294
beauty,inspiration,Bridget wrote blog posts centered around X and Y in her spare time.,-24.663677215576172,-26.611441373825073
clippings,pictures,She used many X and Y for the collage she was working on.,-30.9385206438601,-30.040986258536577
liquids,powders,The factory used many different X and Y to make its products.,-21.748057703036466,-24.16230974656355
domination,influence,The player's X and Y made them the obvious choice for captain of the team.,-32.51216506958008,-32.33497595787048
action,conversation,There was X and Y occurring in every scene of the movie.,-33.340606451034546,-32.69060397148132
pattern,sequence,They discussed the connection between a X and Y in their math class today.,-34.56258010864258,-34.89804935455322
detective,police,Usually the town's X and Y work together to deal with criminals.,-24.942662596702576,-26.470894813537598
church,graveyard,The couple found out that the X and Y are right behind their new house.,-33.38324594497681,-32.69773268699646
gardens,lawn,He makes sure to water the X and Y of the estate every other day.,-26.832749843597412,-22.21691131591797
powers,processes,They lacked the necessary X and Y to finish the job.,-26.448526978492737,-28.175309538841248
machinery,tractors,"He sold X and Y for a living, but he wanted to open a bakery.",-24.150816692505032,-23.12904470320791
ammo,weapons,The military has X and Y readily available to them.,-27.36465732753277,-25.533066853880882
clay,wax,"Jackie loved doing different crafts, so she had a lot of X and Y readily available to her.",-28.412102699279785,-29.80566196143627
associations,enterprises,She dealt with different X and Y in her line of work.,-33.06028127670288,-32.11758208274841
grace,modesty,Chloe's grandma said that X and Y are qualities a person should have.,-31.440557956695557,-32.35828411579132
brains,talent,Georgina had both the X and Y to be successful at her job.,-18.979600235819817,-17.83248680830002
comedy,humor,Ricky was confused about the difference between X and Y until he looked it up online.,-25.827450782060623,-25.56974132359028
certainty,order,Jake liked the X and Y that his job provided him.,-30.435014247894287,-35.36766600608826
discretion,moderation,"There was an absence of X and Y in the decision, which upset many people.",-23.92974627017975,-22.61032861471176
attention,civility,Jane's mom said the lack of X and Y made her very disappointed.,-28.236767651047558,-28.999902857467532
captain,leader,The team thought of her as a X and Y even though she didn't officially have the title.,-21.454706713557243,-22.4523838609457
control,intelligence,Jason wanted to be known for his X and Y instead of being known for his temper.,-24.80640045925975,-23.82438389956951
grease,sweat,"At the end of the day, Fred washed the X and Y off of his face.",-19.227211117744446,-17.37305599451065
comprehension,control,There was a lack of X and Y that made Stephanie feel uneasy.,-36.866273164749146,-36.649534940719604
hallucinations,visions,The man experienced X and Y when he was severely dehydrated.,-21.455704927444458,-22.669330894947052
commands,statements,The employees didn't listen to the X and Y of the rude boss.,-34.837233543395996,-32.60935461521149
cost,upkeep,They didn't think the house was worth the X and Y it would take to keep it.,-23.209611892700195,-23.877076506614685
men,objects,The artist painted X and Y for the museum's upcoming exhibit.,-28.747210383415222,-27.63022255897522
fragrance,taste,"She wanted to like the smoothie, but the X and Y made her feel sick.",-17.791705280542374,-17.659911766648293
betrayal,murder,The book was about a X and Y and Harry thought it was very interesting.,-33.59542798995972,-33.074970960617065
bacteria,insects,Xander was afraid of X and Y so he spent most of his time inside his house.,-28.44905513525009,-29.167964160442352
confusion,congestion,The traffic caused X and Y for the drivers on the busy highway.,-22.75474786758423,-20.7451229095459
facts,techniques,She wanted to discuss different X and Y with her new boss.,-25.412243127822876,-26.31235122680664
anger,spite,George felt X and Y towards his ex-best friend.,-26.841134548187256,-27.022626996040344
money,numbers,Tom liked X and Y so he decided to become an accountant.,-28.912734270095825,-27.41326606273651
boulders,ledges,Paula climbed X and Y with her friend Chris.,-30.606437973678112,-26.804489098489285
abolition,emancipation,They learned about X and Y in their history class.,-28.09178900718689,-29.097311854362488
nationalism,sovereignty,He wrote a paper on X and Y for his political science class.,-27.623647332191467,-28.476927995681763
tensions,uncertainties,Chris said all of the X and Y made him feel uncomfortable.,-28.81062138080597,-31.44315481185913
beauty,poise,The model's X and Y got her booked for a lot of shows.,-33.31822576094419,-33.01570498943329
background,intelligence,Nolan had the X and Y to be a great teacher.,-19.85363158583641,-20.861464351415634
battle,bloodshed,The soldiers blamed the X and Y on many different politicians.,-29.90723592042923,-34.30432200431824
fairness,moderation,Gino thought that X and Y were concepts that should go together.,-31.048433542251587,-30.451827943325043
back,behind,She washed the baby's X and Y in the bath tub before putting him to bed.,-21.047369718551636,-24.81244385242462
apprehension,terror,Nora felt X and Y about leaving everyone she knows to move to the other side of the world.,-34.891682386398315,-34.07884955406189
head,teeth,"Both Vanessa's X and Y were bothering her, so she took some medicine for the pain.",-27.831095814704895,-27.269005060195923
cod,salmon,He made sure the chef knew that X and Y are his sister's favorite types of fish.,-34.428173303604126,-34.66544198989868
archaeologists,geologists,They consulted X and Y for the documentary they were making.,-27.471183091402054,-28.012760162353516
chopping,sawing,It took a lot of X and Y to remove the dead trees.,-24.94149637967348,-20.552902102470398
anxiety,dismay,Josh was filled with X and Y and didn't know what to do about it.,-21.18072974169627,-22.369622506550513
resources,riches,The couple had the X and Y to start their own company.,-28.274657607078552,-26.13711988925934
personnel,ships,The company needed X and Y to carry out all the work they had to do.,-24.461645871400833,-23.207207784056664
bandits,outlaws,She watched an old western movie about X and Y with both of her roommates.,-23.99030456971377,-23.252642534673214
secrecy,stealth,The spy used X and Y to carry out his job assignments.,-23.177311297506094,-20.85644289292395
soldiers,subjects,He talked with both the X and Y about what to do next.,-27.59915927052498,-26.831636428833008
barges,towboats,The ocean was filled with X and Y so Mara didn't want to go in the water.,-45.13746483344585,-44.46421670484415
celebration,ritual,The event was considered both a X and Y by all who attended.,-24.931476354599,-25.8791326880455
searching,yearning,It took a lot of X and Y to figure out what she wanted to do.,-25.068485163152218,-22.89936787635088
letters,magazines,Xena read many of her old X and Y instead of going on her phone.,-22.165611535310745,-22.61785799264908
flight,terror,Marissa argued that the words X and Y go together because she hates flying.,-30.710478097200394,-34.75786340236664
gaiety,spirit,He admired her X and Y and enjoyed spending time with her.,-29.16230483353138,-23.55045860260725
disdain,indifference,"Nathan felt X and Y towards Mark, so he avoided him.",-35.26625859737396,-35.97500038146973
liberalism,progress,He discussed the connection between X and Y with his friends who are political science majors.,-26.055451899766922,-26.7193386554718
blame,hate,She felt X and Y because of the poor decision she made.,-30.86369776725769,-30.072287678718567
color,imagery,She liked all of the X and Y the artist used in their art.,-29.77793312072754,-29.406904101371765
intonation,phrasing,Millie liked the X and Y that her teacher used when she spoke.,-31.27496617101133,-24.273716185241938
abasement,humiliation,"Jenny was subjected to X and Y at school, which made her want to leave.",-27.547699082642794,-26.152472683112137
commercialism,materialism,All of the X and Y in society makes Evan want to live off the grid.,-32.50881189852953,-38.160138949751854
education,industrialization,Tania read about the connection between X and Y in a chapter of her textbook.,-25.41057698428631,-26.335793808102608
foreboding,gloom,There was a sense of X and Y that made Carrie feel anxious.,-33.765088382409886,-30.2312571387738
firepower,speed,Christopher liked the X and Y of the car he was test driving.,-22.501671344041824,-22.538441568613052
